,Questions,Answers
0,1. What is the title of the most comprehensive book on regular expressions?,The given context does not provide information about the title of the most comprehensive book on regular expressions.
1,"2. Who is the author of the book ""Mastering Regular Expressions""?",I don't know the answer to that question.
2,3. Which programming languages' flavors of regular expressions does the book exclusively concentrate on?,The given context does not provide information about which programming languages' flavors of regular expressions the book exclusively concentrates on.
3,4. Is there any Python material included in the book?,"No, the book does not contain any Python material."
4,5. What is the name of the Python module that was covered in the first edition but has now been removed?,"The name of the Python module that was covered in the first edition but has now been removed is ""regex""."
5,6. Where can you find a copy of the book if you want to check it out?,The information provided does not mention where you can find a copy of the book.
6,7. How can regular expressions be used to parse HTML or XML?,"Regular expressions can be used to parse HTML or XML, but it is generally not recommended. HTML and XML have special cases and complex structures that can make it difficult to write a regular expression that handles all possible cases. Quick and dirty patterns may work for common cases, but they will likely break when faced with more complex scenarios.
  
It is recommended to use an HTML or XML parser module specifically designed for parsing these types of documents. These modules are built to handle the intricacies of HTML and XML and provide a more reliable and efficient way to parse them."
7,8. What is the advantage of using the reVERBOSE flag when compiling regular expressions?,"The advantage of using the re.VERBOSE flag when compiling regular expressions is that it allows you to write the regular expression in a more readable and organized manner. This flag ignores whitespace and comments within the regular expression pattern, making it easier to understand and maintain. It also allows you to add comments within the pattern, which can be helpful for documenting and explaining complex regular expressions."
8,9. How can regular expressions become difficult to read and understand?,"Regular expressions can become difficult to read and understand due to several reasons:

1. Complexity: Regular expressions can become complex when they involve multiple patterns, special characters, and quantifiers. This complexity can make it challenging to understand the logic and flow of the expression.

2. Lack of comments: Regular expressions often lack comments or explanations, making it difficult for someone unfamiliar with the expression to understand its purpose and functionality.

3. Lack of formatting: Regular expressions can be written as a single, long string without any formatting or indentation. This lack of structure can make it hard to visually parse and comprehend the expression.

4. Lack of familiarity: Regular expressions use their own syntax and special characters, which may not be familiar to everyone. If someone is not well-versed in regular expressions, they may struggle to understand the meaning and purpose of certain patterns.

5. Lack of documentation: If regular expressions are not properly documented or explained, it can be challenging for others to understand their intended use and behavior.

Overall, regular expressions can become difficult to read and understand when they are complex, lack comments or formatting, use unfamiliar syntax, or lack proper documentation."
9,10. How can the reVERBOSE flag help in making regular expressions more clear?,"The reVERBOSE flag has several effects that can help make regular expressions more clear. One effect is that whitespace in the regular expression that isn't inside a character class is ignored. This means that you can add whitespace to your regular expression to make it more readable without affecting its functionality. 

Additionally, the reVERBOSE flag allows you to put comments inside a regular expression. These comments can help explain the purpose or logic behind certain parts of the expression, making it easier for others (or yourself) to understand and maintain the code.

Overall, the reVERBOSE flag allows you to format regular expressions more neatly and add comments to improve clarity."
10,"11. What is the purpose of using the ""research"" function instead of ""rematch"" in regular expressions?","I'm sorry, but I don't have enough information to answer your question."
11,12. How does the regular expression compiler optimize the process of looking for a match?,"Optimization of the regular expression compiler involves compiling the regular expression pattern into a series of bytecodes. These bytecodes are then executed by a matching engine written in C. The optimization process aims to produce bytecode that runs faster. However, the specific details of how the compiler optimizes the process of looking for a match are not covered in the provided context."
12,13. What is the difference between greedy and non-greedy repetition in regular expressions?,"In regular expressions, greedy repetition means that the pattern will match as much of the input as possible. On the other hand, non-greedy repetition means that the pattern will match as little of the input as possible. 

For example, consider the regular expression pattern ""a+"". If applied to the input string ""aaa"", the greedy repetition will match all three ""a"" characters, while the non-greedy repetition will only match the first ""a"" character. 

The greedy repetition is denoted by the ""+"" symbol, while the non-greedy repetition is denoted by the ""+?"" symbol."
13,14. When might it be more efficient to use string methods instead of regular expressions?,It might be more efficient to use string methods instead of regular expressions when you are matching a fixed string or a single character class and you are not using any regular expression features such as the IGNORECASE flag. String methods are usually faster in these cases because they are optimized for performing operations with fixed strings.
14,15. How can the replace method be used to avoid replacing parts of words in a string?,"The replace method cannot be used to avoid replacing parts of words in a string. It replaces all occurrences of a specified substring with a new substring. If you want to avoid replacing parts of words, you would need to use regular expressions with the sub method, specifying word boundaries (\b) in the pattern."
15,"16. What pattern would be used to require a word boundary on either side of the word ""word"" in a regular expression?","The pattern that would be used to require a word boundary on either side of the word ""word"" in a regular expression is ""\bword\b""."
16,17. How does the sub method work in regular expressions and what does it return?,"The sub method in regular expressions is used to replace occurrences of a pattern in a string with a specified replacement. It takes two main arguments: the pattern to search for and the replacement string. 

The pattern can be provided as either a regular expression object or as a string. If you need to specify regular expression flags, you must either use a pattern object as the first parameter or use embedded modifiers in the pattern string.

The replacement string is the string that will be used to replace the occurrences of the pattern in the original string.

The sub method returns a new string with the replacements made."
17,18. What is the difference between the sub and subn methods in regular expressions?,"The sub method is used to replace occurrences of a pattern in a string with a specified replacement. It returns a new string with the replacements made. The subn method is similar to sub, but it also returns the number of replacements made."
18,19. How can the subn method be used to obtain both the new string value and the number of replacements performed?,"The subn method can be used to obtain both the new string value and the number of replacements performed by returning a tuple containing the modified string and the count of replacements. Here's an example:

```python
import re

string = ""This is a test""
pattern = r""is""
replacement = ""was""

new_string, count = re.subn(pattern, replacement, string)

print(new_string)  # Output: ""Thwas was a test""
print(count)  # Output: 2
```

In this example, the subn method is used to replace all occurrences of the pattern ""is"" with the replacement ""was"" in the string ""This is a test"". The modified string ""Thwas was a test"" is stored in the variable `new_string`, and the count of replacements (2 in this case) is stored in the variable `count`."
19,20. Can you provide an example of using the subn method in regular expressions?,"Yes, I can provide an example of using the subn method in regular expressions. The subn method is used to replace occurrences of a pattern in a string with a specified replacement string, and it returns a tuple containing the modified string and the number of replacements made.

Here's an example:

```python
import re

text = ""The quick brown fox jumps over the lazy dog.""
pattern = r""brown""

modified_text, num_replacements = re.subn(pattern, ""red"", text)

print(modified_text)
print(num_replacements)
```

Output:
```
The quick red fox jumps over the lazy dog.
1
```

In this example, the pattern ""brown"" is replaced with ""red"" in the given text. The modified text is then printed, along with the number of replacements made (which is 1 in this case)."
20,21. What is the pattern used to match filenames with a three-letter extension?,The pattern used to match filenames with a three-letter extension is not mentioned in the given context.
21,22. How can the regular expression pattern be modified to allow matching extensions shorter than three characters?,"To modify the regular expression pattern to allow matching extensions shorter than three characters, you can use the quantifier `{0,2}` after the extension pattern. This quantifier specifies that the extension can occur 0 to 2 times. Here's an example:

Original pattern: `\.[a-zA-Z]{3}`
Modified pattern: `\.[a-zA-Z]{0,2}`

This modified pattern will match extensions that are either 1, 2, or 3 characters long."
22,23. How does a negative lookahead work in regular expressions and how can it be used to exclude certain extensions?,"A negative lookahead assertion in regular expressions is used to match a pattern only if it is not followed by another pattern. It is denoted by `(?!...)`, where `...` represents the pattern that should not be present after the current position.

To exclude certain extensions using negative lookahead, you can use the following syntax:

`\.(\w+)(?!extension1|extension2|extension3)`

In this example, `(\w+)` matches any word characters (letters, digits, or underscores) that come after a dot (`.`). The negative lookahead `(?!extension1|extension2|extension3)` ensures that the matched extension is not one of the specified extensions.

For example, if you want to exclude the extensions `.txt`, `.doc`, and `.pdf`, the regular expression would be:

`\.(\w+)(?!\.txt|\.doc|\.pdf)`

This regular expression will match any file extension that is not `.txt`, `.doc`, or `.pdf`."
23,"24. What is the purpose of the trailing ""bat"" in the regular expression pattern?","Based on the given context, it is not clear what the purpose of the trailing ""bat"" in the regular expression pattern is."
24,25. How can regular expressions be used to parse and extract specific information from HTML or XML documents?,"Regular expressions can be used to parse and extract specific information from HTML or XML documents, but it is important to note that parsing HTML or XML with regular expressions can be painful and may not handle all possible cases. 

For simple cases, quick and dirty regular expression patterns can be used to handle common scenarios. However, HTML and XML have special cases that can break obvious regular expressions. By the time you've written a regular expression that handles all possible cases, the patterns will be very complicated.

To handle HTML or XML parsing tasks, it is recommended to use an HTML or XML parser module specifically designed for such tasks. These modules are built to handle the complexities and special cases of HTML and XML documents, making the parsing process much easier and more reliable."
25,26. Explain the advantage of using the reVERBOSE flag when compiling regular expressions in terms of readability and understanding.,"The advantage of using the reVERBOSE flag when compiling regular expressions is that it allows you to format the regular expression more clearly, which improves readability and understanding. 

With the reVERBOSE flag, whitespace in the regular expression that isn't inside a character class is ignored. This means that you can add spaces and line breaks to separate different parts of the regular expression, making it easier to see the structure and logic of the pattern. 

Additionally, you can also add comments inside the regular expression using the reVERBOSE flag. Comments start with a ""#"" character and extend until the next newline. This allows you to add explanatory notes or documentation directly within the regular expression, making it easier for others (or even yourself) to understand the purpose and functionality of different parts of the pattern. 

Overall, the reVERBOSE flag helps improve the readability and understanding of regular expressions by allowing for clearer formatting and the inclusion of comments."
26,"27. Provide an example of a regular expression that becomes more complicated and confusing when trying to exclude both ""bat"" and ""exe"" as extensions.","One example of a regular expression that becomes more complicated and confusing when trying to exclude both ""bat"" and ""exe"" as extensions is:

^(?!.*\.(bat|exe)$).*$

This regular expression uses a negative lookahead assertion (?!...) to exclude any strings that end with either ""bat"" or ""exe"" as extensions. The expression matches any string that does not contain "".bat"" or "".exe"" at the end."
27,28. How does the regular expression compiler optimize the process of searching for a match in terms of efficiency?,"The document does not provide specific details on how the regular expression compiler optimizes the process of searching for a match in terms of efficiency. It mentions that optimization requires a good understanding of the matching engine's internals, but it does not go into further detail on this topic."
28,29. Explain the difference between greedy and non-greedy repetition in regular expressions and provide an example for each.,"In regular expressions, greedy repetition means that the pattern will match as much of the input as possible, while non-greedy repetition means that the pattern will match as little as possible.

Example of greedy repetition:
Let's say we have the string ""ababab"" and we want to match the pattern ""a.*b"". In this case, the greedy repetition will match the entire string ""ababab"" because the "".*"" part will consume as much as possible, resulting in a single match.

Example of non-greedy repetition:
Using the same string ""ababab"" and the pattern ""a.*?b"", the non-greedy repetition will match only the first occurrence of ""ab"" because the "".*?"" part will consume as little as possible, resulting in multiple matches.

In summary, greedy repetition tries to match as much as possible, while non-greedy repetition tries to match as little as possible."
29,30. In what scenarios would it be more efficient to use string methods instead of regular expressions for text manipulation?,"It would be more efficient to use string methods instead of regular expressions for text manipulation in scenarios where you are matching a fixed string or a single character class and not using any regular expression features such as the IGNORECASE flag. String methods are usually faster in these cases because they are optimized for performing operations with fixed strings. Additionally, if you only need to perform simple operations such as splitting strings or searching and replacing, using string methods would be more efficient than using regular expressions."
30,31. How can the replace method be used in regular expressions to avoid replacing parts of words in a string?,"The replace method in regular expressions can be used with word boundaries (\b) to avoid replacing parts of words in a string. By using \b before and after the word or pattern you want to replace, it will only match if it is a complete word and not part of a larger word. Here's an example:

```python
import re

string = ""I love apples and oranges.""

# Replace ""apples"" with ""bananas""
new_string = re.sub(r'\bapples\b', 'bananas', string)

print(new_string)
```

Output:
```
I love bananas and oranges.
```

In this example, the word ""apples"" is only replaced because it is a complete word and not part of the word ""pineapples""."
31,"32. What pattern would be used to require a word boundary on either side of the word ""word"" in a regular expression?","The pattern `\bword\b` would be used to require a word boundary on either side of the word ""word"" in a regular expression."
32,33. Explain how the sub method works in regular expressions and what it returns.,"The sub method in regular expressions is used to replace occurrences of a pattern in a string with a specified replacement. It takes two main arguments: the pattern to search for and the replacement string. 

When using the sub method, the pattern is passed as the first argument. The pattern can be provided as an object or as a string. If you need to specify regular expression flags, you must either use a pattern object as the first parameter or use embedded modifiers in the pattern string.

The sub method returns a new string with the replacements made. It does not modify the original string."
33,34. What is the difference between the sub and subn methods in regular expressions?,"The sub method is used to replace occurrences of a pattern in a string with a specified replacement. It returns a new string with the replacements made.

The subn method is similar to sub, but it also returns the number of replacements made in addition to the new string."
34,35. How can the subn method be used to obtain both the new string value and the number of replacements performed?,"The subn method can be used to obtain both the new string value and the number of replacements performed by returning a tuple containing the modified string and the count of replacements. Here's an example:

```python
import re

string = ""This is a test""
pattern = r""is""
replacement = ""was""

new_string, count = re.subn(pattern, replacement, string)

print(new_string)  # Output: ""Thwas was a test""
print(count)  # Output: 2
```

In this example, the subn method is used to replace all occurrences of the pattern ""is"" with the replacement ""was"" in the string ""This is a test"". The modified string ""Thwas was a test"" is stored in the variable `new_string`, and the count of replacements (2 in this case) is stored in the variable `count`."
35,36. Provide an example of using the subn method in regular expressions.,"The subn method in regular expressions is used to replace occurrences of a pattern in a string with a specified replacement string. It returns a tuple containing the modified string and the number of replacements made.

Here's an example of using the subn method in Python:

```python
import re

text = ""Hello, World! Hello, Python!""
pattern = r""Hello""
replacement = ""Hi""

modified_text, num_replacements = re.subn(pattern, replacement, text)

print(modified_text)  # Output: ""Hi, World! Hi, Python!""
print(num_replacements)  # Output: 2
```

In this example, the subn method is used to replace all occurrences of the pattern ""Hello"" with the replacement string ""Hi"" in the given text. The modified text is stored in the `modified_text` variable, and the number of replacements made is stored in the `num_replacements` variable."
